Id,First Name,Last Name,Email
1,Balaji,Krishna,Balaji@gmail.com
2,Harish,Krishna,Harish@gmail.com
3,Deeraj,KK,Deeraj@gmail.com
4,Ajay,KR,Ajay@gmail.com
5,Karuna,KK,Karuna@gmail.com
6,Kaushik,T,Kaushik@gmail.com
7,Seeru,Raj,Seeru@gmail.com
Created @ Thu Jan 11 16:24:16 IST 2024