ID,First Name,Last Name,Email
1,Balaji,Krishna,Balaji@gmail.com
2,Harish,Krishna,Harish@gmail.com
3,Kaushik,T,Kaushik@gmail.com
4,Deeraj,Kumar,Deeraj@gmail.com
5,Ajay,Kumar,Ajay@gmail.com
6,Karuna,Karan,Karuna@gmail.com
7,Seerapthi,Raj,Seerapthi@gmail.com